{
    "不记相逢曾解佩": 5,
    "墨西哥鸡肉玉米汤": 4.5,
    "林花那后开": 1.5,
    "涧底仍依径寸庥": 0.5,
    "白露洗空河汉明": 2,
    "别有人间行路难": 3,
    "伴你成长刷新太阳": 2,
    "郎耕种麻地": 2.9,
    "半生缘份": 0.5,
    "寄语任何曾失意的人": 2,
    "还给你": 1.5,
    "房锐": 1,
    "沙嗲羊肉串": 7.8,
    "江蕙精选": 2,
    "瞪": 2.5,
    "提扥普提": 0.5,
    "腠": 5,
    "爆冷门": 0.6666666666666665,
    "花红易衰似郎意": 3.1428571428571432,
    "偿": 1,
    "番更": 4,
    "皑皑白雪": 1.5,
    "曲": 1,
    "回首成差池": 0.6000000000000001,
    "次乃康王谷": 0.1999999999999993,
    "蕹": 2,
    "胡言汉语": 0.5,
    "噌": 1,
    "你还在不在": 2,
    "陀佛": 3,
    "竦": 3,
    "跹": 1,
    "訾": 5,
    "令尹眉头相豁开": 1.2857142857142856,
    "快若五陵侠": 0.6000000000000001,
    "顶": 1,
    "红日薄侵罗绮": 0.3333333333333335,
    "探古穷至妙": 2,
    "杖节把钺": 4,
    "虞舜": 3,
    "剖腹藏珠": 1,
    "蓑": 4,
    "暖香闲破鼻": 3.6,
    "吕": 2,
    "画疆墨守": 1,
    "稂": 5,
    "回眸转袖暗催弦": 1.2857142857142856,
    "运动估计": 0.5,
    "杷": 1,
    "昆明水上映牵牛": 1.8571428571428572,
    "风雨佛狸愁": 1.4,
    "洒": 5,
    "朴斫之材": 1,
    "都怪我": 7.333333333333333,
    "留人醉": 2.6666666666666665,
    "海漩三昧觉澄圆": 3,
    "怕死": 3
}